Day,Predicted Close
Day 1,191.0413360595703
Day 2,186.88392639160156
Day 3,184.927734375
Day 4,184.10751342773438
Day 5,182.94747924804688
Day 6,182.56593322753906
Day 7,182.2910614013672
