Day,Predicted Close
Day 1,1455.4121757226578
Day 2,1457.9623949620402
Day 3,1460.452173763571
Day 4,1462.8829445713595
