Day,Predicted Close
Day 1,1455.412166533583
Day 2,1457.962377417703
Day 3,1460.4521486634226
Day 4,1462.8829126816504
